category_key,events,view_events,cart_events,remove_from_cart_events,purchase_events,revenue,purchase_per_view_rate,avg_purchase_price
category_id:1487580005092295511,770985,394684,190623,140808,44870,418363.33,0.11368588541719452,9.323898595943838
category_id:1487580006300255120,315333,275511,21959,14053,3810,351672.31,0.013828848938880844,92.3024435695538
category_id:1487580005268456287,448775,221225,115327,81773,30450,265312.54,0.13764267148830375,8.713055500821017
category_id:1602943681873052386,640908,326434,161665,116593,36216,186388.51,0.11094432565235239,5.146579136293351
category_id:1487580006317032337,646704,221884,226622,147643,50555,179969.53,0.22784427899262677,3.559875976659084
category_id:1487580008246412266,375219,232184,78973,47491,16571,139934.73,0.07137012024945733,8.444555548850403
appliances.environment.vacuum,149168,113752,19189,12227,4000,138623.97,0.035164216892889795,34.6559925
category_id:1487580013950664926,288450,233004,29398,20151,5897,135893.36,0.025308578393503974,23.044490418857045
category_id:1487580005595612013,789465,307046,231674,206411,44334,134047.48,0.1443887886505605,3.023581901024045
category_id:1487580009051717646,145900,114437,16362,11964,3137,114698.0,0.02741246275243147,36.56295824035703
category_id:1487580005671109489,680648,231046,211642,194508,43452,108903.93,0.188066445642859,2.506304197735432
category_id:1487580007675986893,1062716,423850,319562,239167,80137,102743.07,0.18906924619558807,1.2820927910952495
category_id:1487580005754995573,369213,143691,102761,102312,20449,94976.54,0.14231232297081933,4.644556702039219
category_id:1487580005553668971,149495,70005,42086,27946,9458,93743.77,0.13510463538318693,9.911584901670544
category_id:1487580004916134735,245287,89701,74708,65766,15112,80341.84,0.16847080857515523,5.316426680783483
category_id:1487580005713052531,264521,105525,76024,68856,14116,77462.9,0.13376924899312959,5.487595636157551
category_id:1487580005411062629,108440,64628,23339,16277,4196,70997.9,0.0649254193228941,16.920376549094374
category_id:1487580008263189483,168430,104511,35832,20482,7605,70523.41,0.07276745988460545,9.27329520052597
category_id:1487580005511725929,257267,108127,71094,63940,14106,70111.22,0.13045770251648525,4.97031192400397
category_id:1487580005134238553,397167,135747,120407,115311,25702,68459.2,0.18933751758786566,2.6635748190802273
category_id:1783999063314661546,130655,64658,32776,25554,7667,65047.21,0.11857774753317454,8.4840498239207
category_id:1487580013841613016,398007,257436,84120,41533,14918,62194.62,0.0579483832874967,4.169099074943022
category_id:1487580013069861041,91514,52765,21485,12075,5189,61369.0,0.09834170378091538,11.826748891886684
category_id:1487580013581566154,116225,52622,34134,19553,9916,56316.98,0.18843829576983012,5.679405002016942
category_id:1783999067156644376,91273,42060,26820,15840,6553,55371.37,0.15580123632905374,8.449774149244622
category_id:2151191071378375538,83536,38126,25423,13722,6265,50669.03,0.16432355872632848,8.08763447725459
category_id:1487580013522845895,169917,71315,59460,28477,10665,50444.88,0.14954778097174506,4.729946554149086
category_id:1487580010100293687,198956,62566,74496,43039,18855,49417.2,0.30136176197934983,2.62090692124105
category_id:1487580007852147670,107657,56344,28692,16251,6370,48680.76,0.11305551611529178,7.6421915227629515
category_id:1487580008145748965,277540,123233,80935,53365,20007,46294.69,0.16235099364618244,2.313924626380767
category_id:1783999072332415142,87993,56071,17324,10906,3692,45437.8,0.06584508926182875,12.30709642470206
category_id:1487580011585077370,200444,68220,73347,43650,15227,45107.8,0.22320433890354735,2.96235634071058
category_id:1487580005427839846,249326,74486,83977,74196,16667,43983.25,0.22376016969631876,2.638942221155577
category_id:1487580007910867929,124662,77206,25095,16531,5830,43849.67,0.07551226588607103,7.52138421955403
category_id:1487580012902088873,66848,47600,10375,6211,2662,43314.62,0.05592436974789916,16.27145755071375
category_id:1487580009387261981,105448,45334,30639,19644,9831,42283.26,0.2168571050425729,4.3010131217577054
category_id:1487580007281722301,81487,28712,26976,16307,9492,41605.0,0.33059348007801614,4.383164770332912
category_id:1487580007256556476,116130,43987,39851,22346,9946,41068.25,0.22611226044058472,4.129122260205108
category_id:1487580005050352469,177776,69322,51905,46037,10512,40862.47,0.15164017195118432,3.887221270928463
category_id:1783999068909863670,78966,29245,26370,16104,7247,40750.62,0.24780304325525732,5.623101973230303
furniture.living_room.cabinet,30560,26246,2267,1754,293,40746.98,0.011163605882801188,139.06819112627988
category_id:1487580009445982239,282478,98833,109035,50468,24142,39901.74,0.24427063834953913,1.6527934719575843
category_id:1783999064136745198,92115,51342,20317,15528,4928,39239.64,0.0959837949437108,7.9625892857142855
category_id:1487580012096782476,120205,49327,38587,23268,9023,39025.05,0.1829221318953109,4.325063726033471
category_id:1487580005461394279,146684,61894,41970,34391,8429,36334.55,0.13618444437263708,4.31065962747657
category_id:1487580010645553231,84370,62365,11361,8164,2480,34834.5,0.0397658943317566,14.04616935483871
category_id:1487580007952810971,56394,30481,13767,8633,3513,34742.15,0.11525212427413799,9.889595787076573
apparel.glove,52575,20736,16154,10708,4977,34340.6,0.2400173611111111,6.89985935302391
category_id:1487580013539623112,46934,27181,11289,5627,2837,34067.72,0.10437437916191457,12.008360944659852
category_id:1487580012927254698,66115,38223,15466,9125,3301,33723.09,0.08636161473458388,10.216022417449256
category_id:2151191071051219817,101032,46580,30523,18079,5850,33101.63,0.12559038213825677,5.65839829059829
category_id:1487580011283087468,69465,45133,12940,7844,3548,32871.9,0.07861210200961602,9.264909808342729
category_id:1783999064103190764,66764,36123,15544,11229,3868,32318.34,0.10707859258644077,8.355310237849018
category_id:1638456119066100510,139095,52362,41604,37325,7804,31960.44,0.14903937970283793,4.095392106611993
category_id:1487580004832248652,68923,30514,19470,15982,2957,30980.76,0.09690633807432654,10.477091646939465
category_id:2084144451428549153,212429,66541,70479,60479,14930,30440.07,0.2243729429975504,2.0388526456798393
category_id:1487580011652186237,77896,41814,19142,12803,4137,29394.0,0.09893815468503372,7.105148658448151
category_id:1511892746070131099,63716,28503,17697,14477,3039,27863.53,0.10662035575202611,9.168650871997368
category_id:1487580011627020412,73482,36621,21124,11436,4301,25304.89,0.11744627399579476,5.883489886073006
category_id:1487580009177546772,32940,27834,2933,1458,715,25083.54,0.0256880074728749,35.08187412587413
category_id:1487580009143992338,85562,53711,18390,9949,3512,25000.17,0.0653869784587887,7.118499430523918
category_id:1487580007306888126,68610,28252,20991,12906,6461,24483.74,0.22869177403369673,3.789466026930816
category_id:1487580007432717250,142951,65057,38144,30770,8980,24300.95,0.13803280200439613,2.706119153674833
category_id:2115334439910245200,146174,86244,30716,23343,5871,24240.35,0.06807430082092668,4.1288281383069325
category_id:1597770225539875791,34909,20087,8090,4897,1835,23319.48,0.09135261611987854,12.70816348773842
category_id:1487580009286598681,371318,69864,203248,64344,33862,22963.82,0.484684529943891,0.6781589982871655
category_id:1487580011702517887,69365,41531,15250,9554,3030,22669.52,0.07295754978209049,7.4816897689768975
category_id:1487580014009385185,24742,16251,4751,2655,1085,22591.82,0.06676512214632946,20.821953917050692
category_id:1487580008313521133,67435,39372,15310,9495,3258,22295.11,0.08274916184090217,6.843189073050952
category_id:1487580008447738866,39364,22746,9405,4962,2251,22116.85,0.09896245493713181,9.825344291426033
category_id:1487580004857414477,82649,31771,23589,23429,3860,22050.11,0.12149444461930692,5.712463730569948
category_id:1487580009496313889,81332,41876,20881,12913,5662,21039.19,0.13520871143375682,3.7158583539385375
category_id:1487580012994363565,44402,19805,11782,9638,3177,20809.71,0.16041403685937894,6.550113314447592
category_id:1487580008288355308,63046,35201,15535,9090,3220,20202.57,0.09147467401494276,6.274090062111801
category_id:1658462125284131265,97753,37855,28846,25643,5409,19877.29,0.14288733324527803,3.674854871510446
category_id:1487580013749338323,72712,47163,14829,7409,3311,19667.01,0.07020333736191506,5.939900332225913
category_id:1487580010125459512,68218,37435,15991,9815,4977,19533.46,0.1329504474422332,3.92474583082178
category_id:1487580008187692007,91329,31871,30654,20085,8719,18977.28,0.2735715854538609,2.176543181557518
category_id:1487580006551913373,59784,23814,18579,10607,6784,18865.7,0.28487444360460235,2.780910966981132
furniture.bathroom.bath,23931,15087,4758,2924,1162,18710.24,0.07701995095115,16.101755593803787
category_id:1897124478404526487,64526,24237,19450,16251,4588,18330.88,0.18929735528324462,3.9953966870095905
category_id:1487580011677352062,38218,23127,7936,5560,1595,18210.29,0.06896700825874519,11.417109717868339
category_id:1487580013011140782,68885,27526,23641,10976,6742,18117.63,0.24493206423018238,2.687278255710472
category_id:1487580006895846315,46401,22668,12073,8502,3158,17655.76,0.1393153343920946,5.590804306523116
category_id:1487580013506068678,46348,28323,10244,5737,2044,17487.52,0.07216749638103308,8.555538160469668
category_id:1487580011853512836,34010,15595,9875,5978,2562,17058.19,0.16428342417441488,6.658153786104605
category_id:1487580006434472855,28366,21609,3700,2058,999,16732.73,0.04623073719283632,16.74947947947948
category_id:1542195323827388674,48558,34090,8251,4777,1440,16293.98,0.042241126430038134,11.31526388888889
category_id:1487580010628776014,68580,21116,22967,19038,5459,16106.92,0.2585243417313885,2.9505257373145266
category_id:1487580005008409427,67854,26555,20531,17654,3114,16052.23,0.11726605159103747,5.154858702633269
category_id:1487580009471148064,142534,45106,55531,29350,12547,15907.78,0.2781669844366603,1.2678552642065832
category_id:1487580012969197740,38261,13972,11941,9106,3242,15830.56,0.2320354995705697,4.882961135101789
category_id:1924049110428549877,42201,19083,11969,9215,1934,15764.58,0.10134674841481947,8.151282316442606
category_id:2193074740552270669,32256,10704,11301,6635,3616,15671.15,0.33781763826606875,4.333835730088495
category_id:2195085255034011676,56269,26813,15554,8922,4980,15393.11,0.18573080222280236,3.0909859437751006
category_id:1487580013858390233,67624,24239,26198,11106,6081,14615.54,0.2508766863319444,2.403476401907581
category_id:1487580007634043851,125390,34100,44946,33144,13200,14469.77,0.3870967741935484,1.096194696969697
category_id:1487580007936033754,77836,37665,22152,12552,5467,14318.24,0.14514801539891145,2.619030546917871
stationery.cartrige,59728,20583,23392,9426,6327,14107.07,0.3073895933537385,2.229661767030188
category_id:1487580012021285001,34196,22341,6438,3914,1503,14084.68,0.06727541291795354,9.371044577511643
