product_id,brand,category_key,events,view_events,cart_events,remove_from_cart_events,purchase_events,revenue,non_positive_price_events,purchase_per_view_rate,cart_per_view_rate,avg_purchase_price
5560754,strong,category_id:1487580006300255120,17001,13470,1957,1204,370,71726.72,7,0.02746844840386043,0.14528582034149962,193.856
5809910,grattol,category_id:1602943681873052386,141650,93524,28102,12475,7549,39202.47,60,0.08071724904837262,0.3004790214276549,5.193067956020665
5751422,uno,category_id:1487580005268456287,43250,21258,11853,6618,3521,38229.81,75,0.16563176216012795,0.5575783234546994,10.857656915648963
5751383,uno,category_id:1487580005092295511,43117,23527,10580,6062,2948,30138.29,44,0.125302843541463,0.44969609384961956,10.22330054274084
5850281,marathon,category_id:1487580006300255120,17811,15592,1237,768,214,29283.62,4,0.013724987172909184,0.07933555669574141,136.83934579439253
5849033,uno,category_id:1487580005092295511,37636,19538,10020,5296,2782,28416.78,77,0.14238919029583377,0.5128467601596888,10.214514737598849
5792800,,category_id:1487580005268456287,31091,14404,8825,5151,2711,27764.36,46,0.18821160788669813,0.6126770341571786,10.241372187384728
5877454,jessnail,category_id:1487580006300255120,30293,25409,2707,1562,615,26832.09,0,0.02420402219685938,0.1065370537998347,43.62941463414634
5560756,strong,category_id:1487580006300255120,8835,7437,778,500,120,24865.44,5,0.016135538523598225,0.1046120747613285,207.212
89343,,furniture.living_room.cabinet,10333,8787,839,626,81,24149.61,5,0.009218163195629908,0.09548196198930238,298.1433333333333
5846437,browxenna,category_id:1487580013950664926,17864,14536,1922,872,534,24057.79,2,0.03673637864611998,0.1322234452394056,45.052041198501875
5856186,runail,category_id:1487580006300255120,23763,20831,1580,1052,300,22343.13,2,0.014401612980653834,0.07584849503144352,74.47710000000001
5855507,max,appliances.environment.vacuum,8261,6543,873,620,225,17822.25,1,0.0343878954607978,0.13342503438789546,79.21
5692527,,category_id:1487580014009385185,9091,6727,1328,647,389,17749.65,3,0.057826668648729006,0.1974134086517021,45.628920308483295
5528035,,category_id:1487580005553668971,24771,12136,6982,3806,1847,17425.44,26,0.1521918259723138,0.5753131179960448,9.434455874390903
5810480,,category_id:1487580011283087468,6071,2224,2024,1056,767,17164.16,6,0.3448741007194245,0.9100719424460432,22.37830508474576
5809912,grattol,category_id:1602943681873052386,55606,30365,13390,8544,3307,17125.88,46,0.10890828256216038,0.4409682199901202,5.178675536740248
5823970,uno,category_id:1487580005092295511,4207,1124,1575,888,620,16590.59,16,0.5516014234875445,1.4012455516014235,26.759016129032258
5751742,,category_id:1487580005092295511,10878,4970,3053,1810,1045,15009.17,21,0.21026156941649898,0.6142857142857143,14.362842105263159
5804820,,category_id:1487580013950664926,17713,15911,1038,530,234,14733.72,1,0.014706806611778015,0.06523788573942556,62.964615384615385
5877453,jessnail,category_id:1487580006300255120,11833,9752,1159,658,264,14283.6,1,0.027071369975389663,0.11884741591468417,54.10454545454546
5822650,,category_id:1487580005553668971,5438,1809,1993,893,743,14048.81,14,0.4107241569928137,1.10171365395246,18.90822341857335
5820270,uno,category_id:1487580005268456287,3684,894,1421,851,518,13846.91,12,0.5794183445190156,1.5894854586129754,26.731486486486485
5724230,,category_id:1487580005092295511,9381,4076,2900,1650,755,13778.75,19,0.1852306182531894,0.7114818449460255,18.25
5861760,emil,appliances.environment.vacuum,7586,6337,688,382,179,12757.41,2,0.028246804481615907,0.10856872337068013,71.2704469273743
5861279,,category_id:1487580006317032337,6705,4203,1346,770,386,11931.82,1,0.09183916250297407,0.3202474423031168,30.91145077720207
5651975,,category_id:1487580012902088873,12138,7621,2497,1286,734,11834.24,4,0.09631281983991602,0.32764729038183965,16.122942779291552
5793261,,category_id:1487580010100293687,8247,5393,1558,791,505,11146.92,2,0.09363990357871314,0.28889300945670315,22.07310891089109
5677043,estel,category_id:1487580008246412266,17734,12578,2894,1429,833,11001.26,4,0.06622674511051041,0.23008427412943233,13.206794717887155
5882788,thuya,category_id:1487580013522845895,6279,5294,590,268,127,10866.12,0,0.02398942198715527,0.11144692104268984,85.56
5560758,strong,category_id:1487580006300255120,6577,5724,452,343,58,10844.68,2,0.01013277428371768,0.07896575821104122,186.97724137931036
5795346,strong,category_id:1487580006300255120,5659,4880,432,279,68,10406.36,2,0.013934426229508197,0.08852459016393442,153.03470588235294
5855508,max,appliances.environment.vacuum,3734,2709,513,405,107,10173.56,3,0.03949796973052787,0.1893687707641196,95.08
5588154,irisk,category_id:1487580006300255120,6551,5607,510,306,128,9932.5,3,0.02282860709827002,0.0909577314071696,77.59765625
5866964,sunuv,category_id:1487580009051717646,8495,6735,931,613,216,9925.92,0,0.032071269487750555,0.13823311061618412,45.95333333333333
5809728,uno,category_id:1487580005092295511,5670,1961,1801,1348,560,9723.96,10,0.2855685874553799,0.9184089750127487,17.364214285714283
5809911,grattol,category_id:1602943681873052386,36181,19674,8703,5977,1827,9509.96,45,0.09286367795059469,0.4423604757548033,5.205232621784345
5715618,,category_id:1487580006300255120,8989,8056,507,305,121,9498.13,0,0.015019860973187686,0.06293445878848064,78.49694214876033
5816170,grattol,category_id:1602943681873052386,32212,17178,7841,5391,1802,9411.12,27,0.10490161834905111,0.4564559320060543,5.222597114317425
5649219,,category_id:1487580005268456287,14378,6309,4167,2616,1286,9158.5,26,0.2038357901410683,0.6604850213980028,7.121695178849144
5861276,marathon,category_id:1487580006300255120,5352,4613,399,274,66,9068.66,1,0.014307392152612184,0.08649468892261002,137.4039393939394
5754853,,category_id:1487580005092295511,10194,4544,2766,2039,845,8924.63,24,0.18595950704225353,0.6087147887323944,10.561692307692306
5528034,,category_id:1487580005553668971,12435,5883,3523,2122,907,8599.92,14,0.1541730409654938,0.598844127146014,9.481719955898567
5728072,runail,category_id:1487580009177546772,10482,8580,1074,534,294,8543.64,1,0.03426573426573427,0.12517482517482517,29.06
5750301,ingarden,category_id:1487580005713052531,6771,3209,1881,1132,549,8540.01,6,0.17108133374883142,0.5861639139918978,15.555573770491804
5815730,,category_id:1487580005092295511,11999,6651,2860,1709,779,8453.83,23,0.11712524432416178,0.43001052473312285,10.852156611039794
4185,cnd,category_id:1487580005411062629,7068,4098,1701,832,437,8438.14,1,0.1066373840897999,0.4150805270863836,19.30924485125858
5873655,strong,category_id:1487580006300255120,2918,2429,275,169,45,8131.89,0,0.018526142445450804,0.11321531494442157,180.7086666666667
5877456,jessnail,category_id:1487580006300255120,23815,22393,784,571,67,8115.42,0,0.002992006430580985,0.0350109409190372,121.12567164179104
5810479,,category_id:1487580005268456287,2501,634,920,580,367,8084.99,6,0.5788643533123028,1.4511041009463723,22.02994550408719
